﻿<?xml version="1.0" encoding="utf-8"?>
<ywxmlv2>
	<global>
		<date>2018-04-05 12:12:23</date>
		<osdict>
			<item has="Windows XP" nothas="x64 Edition">WindowsXP</item>
			<item has="XP|x64 Edition" nothas="">WindowsXPx64Edition</item>
			<item has="Server 2003" nothas="">WindowsServer2003</item>
			<item has="Server 2008" nothas="">WindowsServer2008</item>
			<item has="Server 2008 R2" nothas="">WindowsServer2008R2</item>
			<item has="Windows Vista" nothas="">WindowsVista</item>
			<item has="Windows 7" nothas="">Windows7</item>
			<item has="Windows 8" nothas="">Windows8</item>
			<item has="Windows 8.1" nothas="">Windows8.1</item>
			<item has="Server 2012" nothas="">WindowsServer2012</item>
			<item has="Server 2012 R2" nothas="">WindowsServer2012R2</item>
			<item has="Windows 10" nothas="长期服务版">Windows10</item>
			<item has="Windows 10|长期服务版" nothas="">Windows10LTSB</item>
			<item has="Server 2016" nothas="">WindowsServer2016</item>
		</osdict>
		<install>
			<item cmd="%s /quite /norestart">exe</item>
			<item cmd="%s /quite /norestart">msu</item>
			<item cmd="dism /online /add-package /packagepath:'%s'">cab</item>
		</install>
	</global>
	<updates num="2">
 		<item>
			<crc>3689246204</crc>
			<kid>3055053</kid>
			<type>1</type>
			<title level="0" date="2015-8-11">Word Viewer 远程代码执行漏洞</title>
			<desc>Word Viewer  中存在一个安全漏洞，当用户打开一个被恶意修改的文件时，该漏洞可能允许运行任意代码。此更新可解决该漏洞。</desc>
			<files>
				<file sum="1231312312312312312" size="3.4 MB" arch="" produce="Office2003" os="Windows7" ver="6.1" lang="" condition="" install="" >wordview_16733ea3153d94e4035d79cc6faee0a2de86dd60.cab</file>
				<file sum="1231312312312312312" size="3.2 MB" arch="" produce="Office2003" os="Windows8" ver="6" lang="" condition="" install="" >wordview_26733ea3153d94e4035d79cc6faee0a2de86dd61.cab</file>
			</files>
		</item>
		<item>
			<crc>3689246203</crc>
			<kid>3055054</kid>
			<type>1</type>
			<title level="1" date="2015-8-12">Word Viewer1 远程代码执行漏洞</title>
			<desc>Word Viewer1  中存在一个安全漏洞，当用户打开一个被恶意修改的文件时，该漏洞可能允许运行任意代码。此更新可解决该漏洞。</desc>
			<files>
				<file sum="1231312312312312312" size="3.4 MB" arch="" produce="Office2003" os="Windows7" ver="6.1" lang="" condition="" install="">wordview_16733ea3153d94e4035d79cc6faee0a2de86dd60.cab</file>
				<file sum="1231312312312312312" size="3.2 MB" arch="" produce="Office2003" os="Windows8" ver="6" lang="" condition="" install="">wordview_26733ea3153d94e4035d79cc6faee0a2de86dd61.cab</file>
			</files>
		</item>
	</updates>
</ywxmlv2>
